Source Text,Translation
<u>T</u>ext for translation #1,Translated string #1
<u>T</u>ext for translation #2,Translated string #2
<u>T</u>ext for translation #3,Translated string #3
<u>T</u>ext for translation #4,Translated string #4
<u>T</u>ext for translation #5,Translated string #5
<u>T</u>ext for translation #6,Translated string #6
<u>T</u>ext for translation #7,Translated string #7
<u>T</u>ext for translation #8,Translated string #8
<u>T</u>ext for translation #9,Translated string #9
<u>T</u>ext for translation #10,Translated string #10
<u>T</u>ext for translation #11,Translated string #11
<u>T</u>ext for translation #12,Translated string #12
<u>T</u>ext for translation #13,Translated string #13
<u>T</u>ext for translation #14,Translated string #14
<u>T</u>ext for translation #15,Translated string #15
<u>T</u>ext for translation #16,Translated string #16
<u>T</u>ext for translation #17,Translated string #17
<u>T</u>ext for translation #18,Translated string #18
<u>T</u>ext for translation #19,Translated string #19
<u>T</u>ext for translation #20,Translated string #20
<u>T</u>ext for translation #21,Translated string #21
<u>T</u>ext for translation #22,Translated string #22
<u>T</u>ext for translation #23,Translated string #23
<u>T</u>ext for translation #24,Translated string #24
<u>T</u>ext for translation #25,Translated string #25
<u>T</u>ext for translation #26,Translated string #26
<u>T</u>ext for translation #27,Translated string #27
<u>T</u>ext for translation #28,Translated string #28
<u>T</u>ext for translation #29,Translated string #29
<u>T</u>ext for translation #30,Translated string #30
<u>T</u>ext for translation #31,Translated string #31
<u>T</u>ext for translation #32,Translated string #32
<u>T</u>ext for translation #33,Translated string #33
<u>T</u>ext for translation #34,Translated string #34
<u>T</u>ext for translation #35,Translated string #35
<u>T</u>ext for translation #36,Translated string #36
<u>T</u>ext for translation #37,Translated string #37
<u>T</u>ext for translation #38,Translated string #38
<u>T</u>ext for translation #39,Translated string #39
<u>T</u>ext for translation #40,Translated string #40
<u>T</u>ext for translation #41,Translated string #41
<u>T</u>ext for translation #42,Translated string #42
<u>T</u>ext for translation #43,Translated string #43
<u>T</u>ext for translation #44,Translated string #44
<u>T</u>ext for translation #45,Translated string #45
<u>T</u>ext for translation #46,Translated string #46
<u>T</u>ext for translation #47,Translated string #47
<u>T</u>ext for translation #48,Translated string #48
<u>T</u>ext for translation #49,Translated string #49
<u>T</u>ext for translation #50,Translated string #50
<u>T</u>ext for translation #51,Translated string #51
<u>T</u>ext for translation #52,Translated string #52
<u>T</u>ext for translation #53,Translated string #53
<u>T</u>ext for translation #54,Translated string #54
<u>T</u>ext for translation #55,Translated string #55
<u>T</u>ext for translation #56,Translated string #56
<u>T</u>ext for translation #57,Translated string #57
<u>T</u>ext for translation #58,Translated string #58
<u>T</u>ext for translation #59,Translated string #59
<u>T</u>ext for translation #60,Translated string #60
<u>T</u>ext for translation #61,Translated string #61
<u>T</u>ext for translation #62,Translated string #62
<u>T</u>ext for translation #63,Translated string #63
<u>T</u>ext for translation #64,Translated string #64
<u>T</u>ext for translation #65,Translated string #65
<u>T</u>ext for translation #66,Translated string #66
<u>T</u>ext for translation #67,Translated string #67
<u>T</u>ext for translation #68,Translated string #68
<u>T</u>ext for translation #69,Translated string #69
<u>T</u>ext for translation #70,Translated string #70
<u>T</u>ext for translation #71,Translated string #71
<u>T</u>ext for translation #72,Translated string #72
<u>T</u>ext for translation #73,Translated string #73
<u>T</u>ext for translation #74,Translated string #74
<u>T</u>ext for translation #75,Translated string #75
<u>T</u>ext for translation #76,Translated string #76
<u>T</u>ext for translation #77,Translated string #77
<u>T</u>ext for translation #78,Translated string #78
<u>T</u>ext for translation #79,Translated string #79
<u>T</u>ext for translation #80,Translated string #80
<u>T</u>ext for translation #81,Translated string #81
<u>T</u>ext for translation #82,Translated string #82
<u>T</u>ext for translation #83,Translated string #83
<u>T</u>ext for translation #84,Translated string #84
<u>T</u>ext for translation #85,Translated string #85
<u>T</u>ext for translation #86,Translated string #86
<u>T</u>ext for translation #87,Translated string #87
<u>T</u>ext for translation #88,Translated string #88
<u>T</u>ext for translation #89,Translated string #89
<u>T</u>ext for translation #90,Translated string #90
<u>T</u>ext for translation #91,Translated string #91
<u>T</u>ext for translation #92,Translated string #92
<u>T</u>ext for translation #93,Translated string #93
<u>T</u>ext for translation #94,Translated string #94
<u>T</u>ext for translation #95,Translated string #95
<u>T</u>ext for translation #96,Translated string #96
<u>T</u>ext for translation #97,Translated string #97
<u>T</u>ext for translation #98,Translated string #98
<u>T</u>ext for translation #99,Translated string #99
<u>T</u>ext for translation #100,Translated string #100
<u>T</u>ext for translation #101,Translated string #101
<u>T</u>ext for translation #102,Translated string #102
<u>T</u>ext for translation #103,Translated string #103
<u>T</u>ext for translation #104,Translated string #104
<u>T</u>ext for translation #105,Translated string #105
<u>T</u>ext for translation #106,Translated string #106
<u>T</u>ext for translation #107,Translated string #107
<u>T</u>ext for translation #108,Translated string #108
<u>T</u>ext for translation #109,Translated string #109
<u>T</u>ext for translation #110,Translated string #110
<u>T</u>ext for translation #111,Translated string #111
<u>T</u>ext for translation #112,Translated string #112
<u>T</u>ext for translation #113,Translated string #113
<u>T</u>ext for translation #114,Translated string #114
<u>T</u>ext for translation #115,Translated string #115
<u>T</u>ext for translation #116,Translated string #116
<u>T</u>ext for translation #117,Translated string #117
<u>T</u>ext for translation #118,Translated string #118
<u>T</u>ext for translation #119,Translated string #119
<u>T</u>ext for translation #120,Translated string #120
<u>T</u>ext for translation #121,Translated string #121
<u>T</u>ext for translation #122,Translated string #122
<u>T</u>ext for translation #123,Translated string #123
<u>T</u>ext for translation #124,Translated string #124
<u>T</u>ext for translation #125,Translated string #125
<u>T</u>ext for translation #126,Translated string #126
<u>T</u>ext for translation #127,Translated string #127
<u>T</u>ext for translation #128,Translated string #128
<u>T</u>ext for translation #129,Translated string #129
<u>T</u>ext for translation #130,Translated string #130
<u>T</u>ext for translation #131,Translated string #131
<u>T</u>ext for translation #132,Translated string #132
<u>T</u>ext for translation #133,Translated string #133
<u>T</u>ext for translation #134,Translated string #134
<u>T</u>ext for translation #135,Translated string #135
<u>T</u>ext for translation #136,Translated string #136
<u>T</u>ext for translation #137,Translated string #137
<u>T</u>ext for translation #138,Translated string #138
<u>T</u>ext for translation #139,Translated string #139
<u>T</u>ext for translation #140,Translated string #140
<u>T</u>ext for translation #141,Translated string #141
<u>T</u>ext for translation #142,Translated string #142
<u>T</u>ext for translation #143,Translated string #143
<u>T</u>ext for translation #144,Translated string #144
<u>T</u>ext for translation #145,Translated string #145
<u>T</u>ext for translation #146,Translated string #146
<u>T</u>ext for translation #147,Translated string #147
<u>T</u>ext for translation #148,Translated string #148
<u>T</u>ext for translation #149,Translated string #149
<u>T</u>ext for translation #150,Translated string #150
<u>T</u>ext for translation #151,Translated string #151
<u>T</u>ext for translation #152,Translated string #152
<u>T</u>ext for translation #153,Translated string #153
<u>T</u>ext for translation #154,Translated string #154
<u>T</u>ext for translation #155,Translated string #155
<u>T</u>ext for translation #156,Translated string #156
<u>T</u>ext for translation #157,Translated string #157
<u>T</u>ext for translation #158,Translated string #158
<u>T</u>ext for translation #159,Translated string #159
<u>T</u>ext for translation #160,Translated string #160
<u>T</u>ext for translation #161,Translated string #161
<u>T</u>ext for translation #162,Translated string #162
<u>T</u>ext for translation #163,Translated string #163
<u>T</u>ext for translation #164,Translated string #164
<u>T</u>ext for translation #165,Translated string #165
<u>T</u>ext for translation #166,Translated string #166
<u>T</u>ext for translation #167,Translated string #167
<u>T</u>ext for translation #168,Translated string #168
<u>T</u>ext for translation #169,Translated string #169
<u>T</u>ext for translation #170,Translated string #170
<u>T</u>ext for translation #171,Translated string #171
<u>T</u>ext for translation #172,Translated string #172
<u>T</u>ext for translation #173,Translated string #173
<u>T</u>ext for translation #174,Translated string #174
<u>T</u>ext for translation #175,Translated string #175
<u>T</u>ext for translation #176,Translated string #176
<u>T</u>ext for translation #177,Translated string #177
<u>T</u>ext for translation #178,Translated string #178
<u>T</u>ext for translation #179,Translated string #179
<u>T</u>ext for translation #180,Translated string #180
<u>T</u>ext for translation #181,Translated string #181
<u>T</u>ext for translation #182,Translated string #182
<u>T</u>ext for translation #183,Translated string #183
<u>T</u>ext for translation #184,Translated string #184
<u>T</u>ext for translation #185,Translated string #185
<u>T</u>ext for translation #186,Translated string #186
<u>T</u>ext for translation #187,Translated string #187
<u>T</u>ext for translation #188,Translated string #188
<u>T</u>ext for translation #189,Translated string #189
<u>T</u>ext for translation #190,Translated string #190
<u>T</u>ext for translation #191,Translated string #191
<u>T</u>ext for translation #192,Translated string #192
<u>T</u>ext for translation #193,Translated string #193
<u>T</u>ext for translation #194,Translated string #194
<u>T</u>ext for translation #195,Translated string #195
<u>T</u>ext for translation #196,Translated string #196
<u>T</u>ext for translation #197,Translated string #197
<u>T</u>ext for translation #198,Translated string #198
<u>T</u>ext for translation #199,Translated string #199
<u>T</u>ext for translation #200,Translated string #200
<u>T</u>ext for translation #201,Translated string #201
<u>T</u>ext for translation #202,Translated string #202
<u>T</u>ext for translation #203,Translated string #203
<u>T</u>ext for translation #204,Translated string #204
<u>T</u>ext for translation #205,Translated string #205
<u>T</u>ext for translation #206,Translated string #206
<u>T</u>ext for translation #207,Translated string #207
<u>T</u>ext for translation #208,Translated string #208
<u>T</u>ext for translation #209,Translated string #209
<u>T</u>ext for translation #210,Translated string #210
<u>T</u>ext for translation #211,Translated string #211
<u>T</u>ext for translation #212,Translated string #212
<u>T</u>ext for translation #213,Translated string #213
<u>T</u>ext for translation #214,Translated string #214
<u>T</u>ext for translation #215,Translated string #215
<u>T</u>ext for translation #216,Translated string #216
<u>T</u>ext for translation #217,Translated string #217
<u>T</u>ext for translation #218,Translated string #218
<u>T</u>ext for translation #219,Translated string #219
<u>T</u>ext for translation #220,Translated string #220
<u>T</u>ext for translation #221,Translated string #221
<u>T</u>ext for translation #222,Translated string #222
<u>T</u>ext for translation #223,Translated string #223
<u>T</u>ext for translation #224,Translated string #224
<u>T</u>ext for translation #225,Translated string #225
<u>T</u>ext for translation #226,Translated string #226
<u>T</u>ext for translation #227,Translated string #227
<u>T</u>ext for translation #228,Translated string #228
<u>T</u>ext for translation #229,Translated string #229
<u>T</u>ext for translation #230,Translated string #230
<u>T</u>ext for translation #231,Translated string #231
<u>T</u>ext for translation #232,Translated string #232
<u>T</u>ext for translation #233,Translated string #233
<u>T</u>ext for translation #234,Translated string #234
<u>T</u>ext for translation #235,Translated string #235
<u>T</u>ext for translation #236,Translated string #236
<u>T</u>ext for translation #237,Translated string #237
<u>T</u>ext for translation #238,Translated string #238
<u>T</u>ext for translation #239,Translated string #239
<u>T</u>ext for translation #240,Translated string #240
<u>T</u>ext for translation #241,Translated string #241
<u>T</u>ext for translation #242,Translated string #242
<u>T</u>ext for translation #243,Translated string #243
<u>T</u>ext for translation #244,Translated string #244
<u>T</u>ext for translation #245,Translated string #245
<u>T</u>ext for translation #246,Translated string #246
<u>T</u>ext for translation #247,Translated string #247
<u>T</u>ext for translation #248,Translated string #248
<u>T</u>ext for translation #249,Translated string #249
<u>T</u>ext for translation #250,Translated string #250
<u>T</u>ext for translation #251,Translated string #251
<u>T</u>ext for translation #252,Translated string #252
<u>T</u>ext for translation #253,Translated string #253
<u>T</u>ext for translation #254,Translated string #254
<u>T</u>ext for translation #255,Translated string #255
<u>T</u>ext for translation #256,Translated string #256
<u>T</u>ext for translation #257,Translated string #257
<u>T</u>ext for translation #258,Translated string #258
<u>T</u>ext for translation #259,Translated string #259
<u>T</u>ext for translation #260,Translated string #260
<u>T</u>ext for translation #261,Translated string #261
<u>T</u>ext for translation #262,Translated string #262
<u>T</u>ext for translation #263,Translated string #263
<u>T</u>ext for translation #264,Translated string #264
<u>T</u>ext for translation #265,Translated string #265
<u>T</u>ext for translation #266,Translated string #266
<u>T</u>ext for translation #267,Translated string #267
<u>T</u>ext for translation #268,Translated string #268
<u>T</u>ext for translation #269,Translated string #269
<u>T</u>ext for translation #270,Translated string #270
<u>T</u>ext for translation #271,Translated string #271
<u>T</u>ext for translation #272,Translated string #272
<u>T</u>ext for translation #273,Translated string #273
<u>T</u>ext for translation #274,Translated string #274
<u>T</u>ext for translation #275,Translated string #275
<u>T</u>ext for translation #276,Translated string #276
<u>T</u>ext for translation #277,Translated string #277
<u>T</u>ext for translation #278,Translated string #278
<u>T</u>ext for translation #279,Translated string #279
<u>T</u>ext for translation #280,Translated string #280
<u>T</u>ext for translation #281,Translated string #281
<u>T</u>ext for translation #282,Translated string #282
<u>T</u>ext for translation #283,Translated string #283
<u>T</u>ext for translation #284,Translated string #284
<u>T</u>ext for translation #285,Translated string #285
<u>T</u>ext for translation #286,Translated string #286
<u>T</u>ext for translation #287,Translated string #287
<u>T</u>ext for translation #288,Translated string #288
<u>T</u>ext for translation #289,Translated string #289
<u>T</u>ext for translation #290,Translated string #290
<u>T</u>ext for translation #291,Translated string #291
<u>T</u>ext for translation #292,Translated string #292
<u>T</u>ext for translation #293,Translated string #293
<u>T</u>ext for translation #294,Translated string #294
<u>T</u>ext for translation #295,Translated string #295
<u>T</u>ext for translation #296,Translated string #296
<u>T</u>ext for translation #297,Translated string #297
<u>T</u>ext for translation #298,Translated string #298
<u>T</u>ext for translation #299,Translated string #299
<u>T</u>ext for translation #300,Translated string #300
<u>T</u>ext for translation #301,Translated string #301
<u>T</u>ext for translation #302,Translated string #302
<u>T</u>ext for translation #303,Translated string #303
<u>T</u>ext for translation #304,Translated string #304
<u>T</u>ext for translation #305,Translated string #305
<u>T</u>ext for translation #306,Translated string #306
<u>T</u>ext for translation #307,Translated string #307
<u>T</u>ext for translation #308,Translated string #308
<u>T</u>ext for translation #309,Translated string #309
<u>T</u>ext for translation #310,Translated string #310
<u>T</u>ext for translation #311,Translated string #311
<u>T</u>ext for translation #312,Translated string #312
<u>T</u>ext for translation #313,Translated string #313
<u>T</u>ext for translation #314,Translated string #314
<u>T</u>ext for translation #315,Translated string #315
<u>T</u>ext for translation #316,Translated string #316
<u>T</u>ext for translation #317,Translated string #317
<u>T</u>ext for translation #318,Translated string #318
<u>T</u>ext for translation #319,Translated string #319
<u>T</u>ext for translation #320,Translated string #320
<u>T</u>ext for translation #321,Translated string #321
<u>T</u>ext for translation #322,Translated string #322
<u>T</u>ext for translation #323,Translated string #323
<u>T</u>ext for translation #324,Translated string #324
<u>T</u>ext for translation #325,Translated string #325
<u>T</u>ext for translation #326,Translated string #326
<u>T</u>ext for translation #327,Translated string #327
<u>T</u>ext for translation #328,Translated string #328
<u>T</u>ext for translation #329,Translated string #329
<u>T</u>ext for translation #330,Translated string #330
<u>T</u>ext for translation #331,Translated string #331
<u>T</u>ext for translation #332,Translated string #332
<u>T</u>ext for translation #333,Translated string #333
<u>T</u>ext for translation #334,Translated string #334
<u>T</u>ext for translation #335,Translated string #335
<u>T</u>ext for translation #336,Translated string #336
<u>T</u>ext for translation #337,Translated string #337
<u>T</u>ext for translation #338,Translated string #338
<u>T</u>ext for translation #339,Translated string #339
<u>T</u>ext for translation #340,Translated string #340
<u>T</u>ext for translation #341,Translated string #341
<u>T</u>ext for translation #342,Translated string #342
<u>T</u>ext for translation #343,Translated string #343
<u>T</u>ext for translation #344,Translated string #344
<u>T</u>ext for translation #345,Translated string #345
<u>T</u>ext for translation #346,Translated string #346
<u>T</u>ext for translation #347,Translated string #347
<u>T</u>ext for translation #348,Translated string #348
<u>T</u>ext for translation #349,Translated string #349
<u>T</u>ext for translation #350,Translated string #350
<u>T</u>ext for translation #351,Translated string #351
<u>T</u>ext for translation #352,Translated string #352
<u>T</u>ext for translation #353,Translated string #353
<u>T</u>ext for translation #354,Translated string #354
<u>T</u>ext for translation #355,Translated string #355
<u>T</u>ext for translation #356,Translated string #356
<u>T</u>ext for translation #357,Translated string #357
<u>T</u>ext for translation #358,Translated string #358
<u>T</u>ext for translation #359,Translated string #359
<u>T</u>ext for translation #360,Translated string #360
<u>T</u>ext for translation #361,Translated string #361
<u>T</u>ext for translation #362,Translated string #362
<u>T</u>ext for translation #363,Translated string #363
<u>T</u>ext for translation #364,Translated string #364
<u>T</u>ext for translation #365,Translated string #365
<u>T</u>ext for translation #366,Translated string #366
<u>T</u>ext for translation #367,Translated string #367
<u>T</u>ext for translation #368,Translated string #368
<u>T</u>ext for translation #369,Translated string #369
<u>T</u>ext for translation #370,Translated string #370
<u>T</u>ext for translation #371,Translated string #371
<u>T</u>ext for translation #372,Translated string #372
<u>T</u>ext for translation #373,Translated string #373
<u>T</u>ext for translation #374,Translated string #374
<u>T</u>ext for translation #375,Translated string #375
<u>T</u>ext for translation #376,Translated string #376
<u>T</u>ext for translation #377,Translated string #377
<u>T</u>ext for translation #378,Translated string #378
<u>T</u>ext for translation #379,Translated string #379
<u>T</u>ext for translation #380,Translated string #380
<u>T</u>ext for translation #381,Translated string #381
<u>T</u>ext for translation #382,Translated string #382
<u>T</u>ext for translation #383,Translated string #383
<u>T</u>ext for translation #384,Translated string #384
<u>T</u>ext for translation #385,Translated string #385
<u>T</u>ext for translation #386,Translated string #386
<u>T</u>ext for translation #387,Translated string #387
<u>T</u>ext for translation #388,Translated string #388
<u>T</u>ext for translation #389,Translated string #389
<u>T</u>ext for translation #390,Translated string #390
<u>T</u>ext for translation #391,Translated string #391
<u>T</u>ext for translation #392,Translated string #392
<u>T</u>ext for translation #393,Translated string #393
<u>T</u>ext for translation #394,Translated string #394
<u>T</u>ext for translation #395,Translated string #395
<u>T</u>ext for translation #396,Translated string #396
<u>T</u>ext for translation #397,Translated string #397
<u>T</u>ext for translation #398,Translated string #398
<u>T</u>ext for translation #399,Translated string #399
<u>T</u>ext for translation #400,Translated string #400
<u>T</u>ext for translation #401,Translated string #401
<u>T</u>ext for translation #402,Translated string #402
<u>T</u>ext for translation #403,Translated string #403
<u>T</u>ext for translation #404,Translated string #404
<u>T</u>ext for translation #405,Translated string #405
<u>T</u>ext for translation #406,Translated string #406
<u>T</u>ext for translation #407,Translated string #407
<u>T</u>ext for translation #408,Translated string #408
<u>T</u>ext for translation #409,Translated string #409
<u>T</u>ext for translation #410,Translated string #410
<u>T</u>ext for translation #411,Translated string #411
<u>T</u>ext for translation #412,Translated string #412
<u>T</u>ext for translation #413,Translated string #413
<u>T</u>ext for translation #414,Translated string #414
<u>T</u>ext for translation #415,Translated string #415
<u>T</u>ext for translation #416,Translated string #416
<u>T</u>ext for translation #417,Translated string #417
<u>T</u>ext for translation #418,Translated string #418
<u>T</u>ext for translation #419,Translated string #419
<u>T</u>ext for translation #420,Translated string #420
<u>T</u>ext for translation #421,Translated string #421
<u>T</u>ext for translation #422,Translated string #422
<u>T</u>ext for translation #423,Translated string #423
<u>T</u>ext for translation #424,Translated string #424
<u>T</u>ext for translation #425,Translated string #425
<u>T</u>ext for translation #426,Translated string #426
<u>T</u>ext for translation #427,Translated string #427
<u>T</u>ext for translation #428,Translated string #428
<u>T</u>ext for translation #429,Translated string #429
<u>T</u>ext for translation #430,Translated string #430
<u>T</u>ext for translation #431,Translated string #431
<u>T</u>ext for translation #432,Translated string #432
<u>T</u>ext for translation #433,Translated string #433
<u>T</u>ext for translation #434,Translated string #434
<u>T</u>ext for translation #435,Translated string #435
<u>T</u>ext for translation #436,Translated string #436
<u>T</u>ext for translation #437,Translated string #437
<u>T</u>ext for translation #438,Translated string #438
<u>T</u>ext for translation #439,Translated string #439
<u>T</u>ext for translation #440,Translated string #440
<u>T</u>ext for translation #441,Translated string #441
<u>T</u>ext for translation #442,Translated string #442
<u>T</u>ext for translation #443,Translated string #443
<u>T</u>ext for translation #444,Translated string #444
<u>T</u>ext for translation #445,Translated string #445
<u>T</u>ext for translation #446,Translated string #446
<u>T</u>ext for translation #447,Translated string #447
<u>T</u>ext for translation #448,Translated string #448
<u>T</u>ext for translation #449,Translated string #449
<u>T</u>ext for translation #450,Translated string #450
<u>T</u>ext for translation #451,Translated string #451
<u>T</u>ext for translation #452,Translated string #452
<u>T</u>ext for translation #453,Translated string #453
<u>T</u>ext for translation #454,Translated string #454
<u>T</u>ext for translation #455,Translated string #455
<u>T</u>ext for translation #456,Translated string #456
<u>T</u>ext for translation #457,Translated string #457
<u>T</u>ext for translation #458,Translated string #458
<u>T</u>ext for translation #459,Translated string #459
<u>T</u>ext for translation #460,Translated string #460
<u>T</u>ext for translation #461,Translated string #461
<u>T</u>ext for translation #462,Translated string #462
<u>T</u>ext for translation #463,Translated string #463
<u>T</u>ext for translation #464,Translated string #464
<u>T</u>ext for translation #465,Translated string #465
<u>T</u>ext for translation #466,Translated string #466
<u>T</u>ext for translation #467,Translated string #467
<u>T</u>ext for translation #468,Translated string #468
<u>T</u>ext for translation #469,Translated string #469
<u>T</u>ext for translation #470,Translated string #470
<u>T</u>ext for translation #471,Translated string #471
<u>T</u>ext for translation #472,Translated string #472
<u>T</u>ext for translation #473,Translated string #473
<u>T</u>ext for translation #474,Translated string #474
<u>T</u>ext for translation #475,Translated string #475
<u>T</u>ext for translation #476,Translated string #476
<u>T</u>ext for translation #477,Translated string #477
<u>T</u>ext for translation #478,Translated string #478
<u>T</u>ext for translation #479,Translated string #479
<u>T</u>ext for translation #480,Translated string #480
<u>T</u>ext for translation #481,Translated string #481
<u>T</u>ext for translation #482,Translated string #482
<u>T</u>ext for translation #483,Translated string #483
<u>T</u>ext for translation #484,Translated string #484
<u>T</u>ext for translation #485,Translated string #485
<u>T</u>ext for translation #486,Translated string #486
<u>T</u>ext for translation #487,Translated string #487
<u>T</u>ext for translation #488,Translated string #488
<u>T</u>ext for translation #489,Translated string #489
<u>T</u>ext for translation #490,Translated string #490
<u>T</u>ext for translation #491,Translated string #491
<u>T</u>ext for translation #492,Translated string #492
<u>T</u>ext for translation #493,Translated string #493
<u>T</u>ext for translation #494,Translated string #494
<u>T</u>ext for translation #495,Translated string #495
<u>T</u>ext for translation #496,Translated string #496
<u>T</u>ext for translation #497,Translated string #497
<u>T</u>ext for translation #498,Translated string #498
<u>T</u>ext for translation #499,Translated string #499
<u>T</u>ext for translation #500,Translated string #500
<u>T</u>ext for translation #501,<u>T</u>ranslated string #501
<u>T</u>ext for translation #502,<u>T</u>ranslated string #502
<u>T</u>ext for translation #503,<u>T</u>ranslated string #503
<u>T</u>ext for translation #504,<u>T</u>ranslated string #504
<u>T</u>ext for translation #505,<u>T</u>ranslated string #505
<u>T</u>ext for translation #506,<u>T</u>ranslated string #506
<u>T</u>ext for translation #507,<u>T</u>ranslated string #507
<u>T</u>ext for translation #508,<u>T</u>ranslated string #508
<u>T</u>ext for translation #509,<u>T</u>ranslated string #509
<u>T</u>ext for translation #510,<u>T</u>ranslated string #510
<u>T</u>ext for translation #511,<u>T</u>ranslated string #511
<u>T</u>ext for translation #512,<u>T</u>ranslated string #512
<u>T</u>ext for translation #513,<u>T</u>ranslated string #513
<u>T</u>ext for translation #514,<u>T</u>ranslated string #514
<u>T</u>ext for translation #515,<u>T</u>ranslated string #515
<u>T</u>ext for translation #516,<u>T</u>ranslated string #516
<u>T</u>ext for translation #517,<u>T</u>ranslated string #517
<u>T</u>ext for translation #518,<u>T</u>ranslated string #518
<u>T</u>ext for translation #519,<u>T</u>ranslated string #519
<u>T</u>ext for translation #520,<u>T</u>ranslated string #520
<u>T</u>ext for translation #521,<u>T</u>ranslated string #521
<u>T</u>ext for translation #522,<u>T</u>ranslated string #522
<u>T</u>ext for translation #523,<u>T</u>ranslated string #523
<u>T</u>ext for translation #524,<u>T</u>ranslated string #524
<u>T</u>ext for translation #525,<u>T</u>ranslated string #525
<u>T</u>ext for translation #526,<u>T</u>ranslated string #526
<u>T</u>ext for translation #527,<u>T</u>ranslated string #527
<u>T</u>ext for translation #528,<u>T</u>ranslated string #528
<u>T</u>ext for translation #529,<u>T</u>ranslated string #529
<u>T</u>ext for translation #530,<u>T</u>ranslated string #530
<u>T</u>ext for translation #531,<u>T</u>ranslated string #531
<u>T</u>ext for translation #532,<u>T</u>ranslated string #532
<u>T</u>ext for translation #533,<u>T</u>ranslated string #533
<u>T</u>ext for translation #534,<u>T</u>ranslated string #534
<u>T</u>ext for translation #535,<u>T</u>ranslated string #535
<u>T</u>ext for translation #536,<u>T</u>ranslated string #536
<u>T</u>ext for translation #537,<u>T</u>ranslated string #537
<u>T</u>ext for translation #538,<u>T</u>ranslated string #538
<u>T</u>ext for translation #539,<u>T</u>ranslated string #539
<u>T</u>ext for translation #540,<u>T</u>ranslated string #540
<u>T</u>ext for translation #541,<u>T</u>ranslated string #541
<u>T</u>ext for translation #542,<u>T</u>ranslated string #542
<u>T</u>ext for translation #543,<u>T</u>ranslated string #543
<u>T</u>ext for translation #544,<u>T</u>ranslated string #544
<u>T</u>ext for translation #545,<u>T</u>ranslated string #545
<u>T</u>ext for translation #546,<u>T</u>ranslated string #546
<u>T</u>ext for translation #547,<u>T</u>ranslated string #547
<u>T</u>ext for translation #548,<u>T</u>ranslated string #548
<u>T</u>ext for translation #549,<u>T</u>ranslated string #549
<u>T</u>ext for translation #550,<u>T</u>ranslated string #550
<u>T</u>ext for translation #551,<u>T</u>ranslated string #551
<u>T</u>ext for translation #552,<u>T</u>ranslated string #552
<u>T</u>ext for translation #553,<u>T</u>ranslated string #553
<u>T</u>ext for translation #554,<u>T</u>ranslated string #554
<u>T</u>ext for translation #555,<u>T</u>ranslated string #555
<u>T</u>ext for translation #556,<u>T</u>ranslated string #556
<u>T</u>ext for translation #557,<u>T</u>ranslated string #557
<u>T</u>ext for translation #558,<u>T</u>ranslated string #558
<u>T</u>ext for translation #559,<u>T</u>ranslated string #559
<u>T</u>ext for translation #560,<u>T</u>ranslated string #560
<u>T</u>ext for translation #561,<u>T</u>ranslated string #561
<u>T</u>ext for translation #562,<u>T</u>ranslated string #562
<u>T</u>ext for translation #563,<u>T</u>ranslated string #563
<u>T</u>ext for translation #564,<u>T</u>ranslated string #564
<u>T</u>ext for translation #565,<u>T</u>ranslated string #565
<u>T</u>ext for translation #566,<u>T</u>ranslated string #566
<u>T</u>ext for translation #567,<u>T</u>ranslated string #567
<u>T</u>ext for translation #568,<u>T</u>ranslated string #568
<u>T</u>ext for translation #569,<u>T</u>ranslated string #569
<u>T</u>ext for translation #570,<u>T</u>ranslated string #570
<u>T</u>ext for translation #571,<u>T</u>ranslated string #571
<u>T</u>ext for translation #572,<u>T</u>ranslated string #572
<u>T</u>ext for translation #573,<u>T</u>ranslated string #573
<u>T</u>ext for translation #574,<u>T</u>ranslated string #574
<u>T</u>ext for translation #575,<u>T</u>ranslated string #575
<u>T</u>ext for translation #576,<u>T</u>ranslated string #576
<u>T</u>ext for translation #577,<u>T</u>ranslated string #577
<u>T</u>ext for translation #578,<u>T</u>ranslated string #578
<u>T</u>ext for translation #579,<u>T</u>ranslated string #579
<u>T</u>ext for translation #580,<u>T</u>ranslated string #580
<u>T</u>ext for translation #581,<u>T</u>ranslated string #581
<u>T</u>ext for translation #582,<u>T</u>ranslated string #582
<u>T</u>ext for translation #583,<u>T</u>ranslated string #583
<u>T</u>ext for translation #584,<u>T</u>ranslated string #584
<u>T</u>ext for translation #585,<u>T</u>ranslated string #585
<u>T</u>ext for translation #586,<u>T</u>ranslated string #586
<u>T</u>ext for translation #587,<u>T</u>ranslated string #587
<u>T</u>ext for translation #588,<u>T</u>ranslated string #588
<u>T</u>ext for translation #589,<u>T</u>ranslated string #589
<u>T</u>ext for translation #590,<u>T</u>ranslated string #590
<u>T</u>ext for translation #591,<u>T</u>ranslated string #591
<u>T</u>ext for translation #592,<u>T</u>ranslated string #592
<u>T</u>ext for translation #593,<u>T</u>ranslated string #593
<u>T</u>ext for translation #594,<u>T</u>ranslated string #594
<u>T</u>ext for translation #595,<u>T</u>ranslated string #595
<u>T</u>ext for translation #596,<u>T</u>ranslated string #596
<u>T</u>ext for translation #597,<u>T</u>ranslated string #597
<u>T</u>ext for translation #598,<u>T</u>ranslated string #598
<u>T</u>ext for translation #599,<u>T</u>ranslated string #599
<u>T</u>ext for translation #600,<u>T</u>ranslated string #600
<u>T</u>ext for translation #601,<u>T</u>ranslated string #601
<u>T</u>ext for translation #602,<u>T</u>ranslated string #602
<u>T</u>ext for translation #603,<u>T</u>ranslated string #603
<u>T</u>ext for translation #604,<u>T</u>ranslated string #604
<u>T</u>ext for translation #605,<u>T</u>ranslated string #605
<u>T</u>ext for translation #606,<u>T</u>ranslated string #606
<u>T</u>ext for translation #607,<u>T</u>ranslated string #607
<u>T</u>ext for translation #608,<u>T</u>ranslated string #608
<u>T</u>ext for translation #609,<u>T</u>ranslated string #609
<u>T</u>ext for translation #610,<u>T</u>ranslated string #610
<u>T</u>ext for translation #611,<u>T</u>ranslated string #611
<u>T</u>ext for translation #612,<u>T</u>ranslated string #612
<u>T</u>ext for translation #613,<u>T</u>ranslated string #613
<u>T</u>ext for translation #614,<u>T</u>ranslated string #614
<u>T</u>ext for translation #615,<u>T</u>ranslated string #615
<u>T</u>ext for translation #616,<u>T</u>ranslated string #616
<u>T</u>ext for translation #617,<u>T</u>ranslated string #617
<u>T</u>ext for translation #618,<u>T</u>ranslated string #618
<u>T</u>ext for translation #619,<u>T</u>ranslated string #619
<u>T</u>ext for translation #620,<u>T</u>ranslated string #620
<u>T</u>ext for translation #621,<u>T</u>ranslated string #621
<u>T</u>ext for translation #622,<u>T</u>ranslated string #622
<u>T</u>ext for translation #623,<u>T</u>ranslated string #623
<u>T</u>ext for translation #624,<u>T</u>ranslated string #624
<u>T</u>ext for translation #625,<u>T</u>ranslated string #625
<u>T</u>ext for translation #626,<u>T</u>ranslated string #626
<u>T</u>ext for translation #627,<u>T</u>ranslated string #627
<u>T</u>ext for translation #628,<u>T</u>ranslated string #628
<u>T</u>ext for translation #629,<u>T</u>ranslated string #629
<u>T</u>ext for translation #630,<u>T</u>ranslated string #630
<u>T</u>ext for translation #631,<u>T</u>ranslated string #631
<u>T</u>ext for translation #632,<u>T</u>ranslated string #632
<u>T</u>ext for translation #633,<u>T</u>ranslated string #633
<u>T</u>ext for translation #634,<u>T</u>ranslated string #634
<u>T</u>ext for translation #635,<u>T</u>ranslated string #635
<u>T</u>ext for translation #636,<u>T</u>ranslated string #636
<u>T</u>ext for translation #637,<u>T</u>ranslated string #637
<u>T</u>ext for translation #638,<u>T</u>ranslated string #638
<u>T</u>ext for translation #639,<u>T</u>ranslated string #639
<u>T</u>ext for translation #640,<u>T</u>ranslated string #640
<u>T</u>ext for translation #641,<u>T</u>ranslated string #641
<u>T</u>ext for translation #642,<u>T</u>ranslated string #642
<u>T</u>ext for translation #643,<u>T</u>ranslated string #643
<u>T</u>ext for translation #644,<u>T</u>ranslated string #644
<u>T</u>ext for translation #645,<u>T</u>ranslated string #645
<u>T</u>ext for translation #646,<u>T</u>ranslated string #646
<u>T</u>ext for translation #647,<u>T</u>ranslated string #647
<u>T</u>ext for translation #648,<u>T</u>ranslated string #648
<u>T</u>ext for translation #649,<u>T</u>ranslated string #649
<u>T</u>ext for translation #650,<u>T</u>ranslated string #650
<u>T</u>ext for translation #651,<u>T</u>ranslated string #651
<u>T</u>ext for translation #652,<u>T</u>ranslated string #652
<u>T</u>ext for translation #653,<u>T</u>ranslated string #653
<u>T</u>ext for translation #654,<u>T</u>ranslated string #654
<u>T</u>ext for translation #655,<u>T</u>ranslated string #655
<u>T</u>ext for translation #656,<u>T</u>ranslated string #656
<u>T</u>ext for translation #657,<u>T</u>ranslated string #657
<u>T</u>ext for translation #658,<u>T</u>ranslated string #658
<u>T</u>ext for translation #659,<u>T</u>ranslated string #659
<u>T</u>ext for translation #660,<u>T</u>ranslated string #660
<u>T</u>ext for translation #661,<u>T</u>ranslated string #661
<u>T</u>ext for translation #662,<u>T</u>ranslated string #662
<u>T</u>ext for translation #663,<u>T</u>ranslated string #663
<u>T</u>ext for translation #664,<u>T</u>ranslated string #664
<u>T</u>ext for translation #665,<u>T</u>ranslated string #665
<u>T</u>ext for translation #666,<u>T</u>ranslated string #666
<u>T</u>ext for translation #667,<u>T</u>ranslated string #667
<u>T</u>ext for translation #668,<u>T</u>ranslated string #668
<u>T</u>ext for translation #669,<u>T</u>ranslated string #669
<u>T</u>ext for translation #670,<u>T</u>ranslated string #670
<u>T</u>ext for translation #671,<u>T</u>ranslated string #671
<u>T</u>ext for translation #672,<u>T</u>ranslated string #672
<u>T</u>ext for translation #673,<u>T</u>ranslated string #673
<u>T</u>ext for translation #674,<u>T</u>ranslated string #674
<u>T</u>ext for translation #675,<u>T</u>ranslated string #675
<u>T</u>ext for translation #676,<u>T</u>ranslated string #676
<u>T</u>ext for translation #677,<u>T</u>ranslated string #677
<u>T</u>ext for translation #678,<u>T</u>ranslated string #678
<u>T</u>ext for translation #679,<u>T</u>ranslated string #679
<u>T</u>ext for translation #680,<u>T</u>ranslated string #680
<u>T</u>ext for translation #681,<u>T</u>ranslated string #681
<u>T</u>ext for translation #682,<u>T</u>ranslated string #682
<u>T</u>ext for translation #683,<u>T</u>ranslated string #683
<u>T</u>ext for translation #684,<u>T</u>ranslated string #684
<u>T</u>ext for translation #685,<u>T</u>ranslated string #685
<u>T</u>ext for translation #686,<u>T</u>ranslated string #686
<u>T</u>ext for translation #687,<u>T</u>ranslated string #687
<u>T</u>ext for translation #688,<u>T</u>ranslated string #688
<u>T</u>ext for translation #689,<u>T</u>ranslated string #689
<u>T</u>ext for translation #690,<u>T</u>ranslated string #690
<u>T</u>ext for translation #691,<u>T</u>ranslated string #691
<u>T</u>ext for translation #692,<u>T</u>ranslated string #692
<u>T</u>ext for translation #693,<u>T</u>ranslated string #693
<u>T</u>ext for translation #694,<u>T</u>ranslated string #694
<u>T</u>ext for translation #695,<u>T</u>ranslated string #695
<u>T</u>ext for translation #696,<u>T</u>ranslated string #696
<u>T</u>ext for translation #697,<u>T</u>ranslated string #697
<u>T</u>ext for translation #698,<u>T</u>ranslated string #698
<u>T</u>ext for translation #699,<u>T</u>ranslated string #699
<u>T</u>ext for translation #700,<u>T</u>ranslated string #700
<u>T</u>ext for translation #701,<u>T</u>ranslated string #701
<u>T</u>ext for translation #702,<u>T</u>ranslated string #702
<u>T</u>ext for translation #703,<u>T</u>ranslated string #703
<u>T</u>ext for translation #704,<u>T</u>ranslated string #704
<u>T</u>ext for translation #705,<u>T</u>ranslated string #705
<u>T</u>ext for translation #706,<u>T</u>ranslated string #706
<u>T</u>ext for translation #707,<u>T</u>ranslated string #707
<u>T</u>ext for translation #708,<u>T</u>ranslated string #708
<u>T</u>ext for translation #709,<u>T</u>ranslated string #709
<u>T</u>ext for translation #710,<u>T</u>ranslated string #710
<u>T</u>ext for translation #711,<u>T</u>ranslated string #711
<u>T</u>ext for translation #712,<u>T</u>ranslated string #712
<u>T</u>ext for translation #713,<u>T</u>ranslated string #713
<u>T</u>ext for translation #714,<u>T</u>ranslated string #714
<u>T</u>ext for translation #715,<u>T</u>ranslated string #715
<u>T</u>ext for translation #716,<u>T</u>ranslated string #716
<u>T</u>ext for translation #717,<u>T</u>ranslated string #717
<u>T</u>ext for translation #718,<u>T</u>ranslated string #718
<u>T</u>ext for translation #719,<u>T</u>ranslated string #719
<u>T</u>ext for translation #720,<u>T</u>ranslated string #720
<u>T</u>ext for translation #721,<u>T</u>ranslated string #721
<u>T</u>ext for translation #722,<u>T</u>ranslated string #722
<u>T</u>ext for translation #723,<u>T</u>ranslated string #723
<u>T</u>ext for translation #724,<u>T</u>ranslated string #724
<u>T</u>ext for translation #725,<u>T</u>ranslated string #725
<u>T</u>ext for translation #726,<u>T</u>ranslated string #726
<u>T</u>ext for translation #727,<u>T</u>ranslated string #727
<u>T</u>ext for translation #728,<u>T</u>ranslated string #728
<u>T</u>ext for translation #729,<u>T</u>ranslated string #729
<u>T</u>ext for translation #730,<u>T</u>ranslated string #730
<u>T</u>ext for translation #731,<u>T</u>ranslated string #731
<u>T</u>ext for translation #732,<u>T</u>ranslated string #732
<u>T</u>ext for translation #733,<u>T</u>ranslated string #733
<u>T</u>ext for translation #734,<u>T</u>ranslated string #734
<u>T</u>ext for translation #735,<u>T</u>ranslated string #735
<u>T</u>ext for translation #736,<u>T</u>ranslated string #736
<u>T</u>ext for translation #737,<u>T</u>ranslated string #737
<u>T</u>ext for translation #738,<u>T</u>ranslated string #738
<u>T</u>ext for translation #739,<u>T</u>ranslated string #739
<u>T</u>ext for translation #740,<u>T</u>ranslated string #740
<u>T</u>ext for translation #741,<u>T</u>ranslated string #741
<u>T</u>ext for translation #742,<u>T</u>ranslated string #742
<u>T</u>ext for translation #743,<u>T</u>ranslated string #743
<u>T</u>ext for translation #744,<u>T</u>ranslated string #744
<u>T</u>ext for translation #745,<u>T</u>ranslated string #745
<u>T</u>ext for translation #746,<u>T</u>ranslated string #746
<u>T</u>ext for translation #747,<u>T</u>ranslated string #747
<u>T</u>ext for translation #748,<u>T</u>ranslated string #748
<u>T</u>ext for translation #749,<u>T</u>ranslated string #749
<u>T</u>ext for translation #750,<u>T</u>ranslated string #750
<u>T</u>ext for translation #751,<u>T</u>ranslated string #751
<u>T</u>ext for translation #752,<u>T</u>ranslated string #752
<u>T</u>ext for translation #753,<u>T</u>ranslated string #753
<u>T</u>ext for translation #754,<u>T</u>ranslated string #754
<u>T</u>ext for translation #755,<u>T</u>ranslated string #755
<u>T</u>ext for translation #756,<u>T</u>ranslated string #756
<u>T</u>ext for translation #757,<u>T</u>ranslated string #757
<u>T</u>ext for translation #758,<u>T</u>ranslated string #758
<u>T</u>ext for translation #759,<u>T</u>ranslated string #759
<u>T</u>ext for translation #760,<u>T</u>ranslated string #760
<u>T</u>ext for translation #761,<u>T</u>ranslated string #761
<u>T</u>ext for translation #762,<u>T</u>ranslated string #762
<u>T</u>ext for translation #763,<u>T</u>ranslated string #763
<u>T</u>ext for translation #764,<u>T</u>ranslated string #764
<u>T</u>ext for translation #765,<u>T</u>ranslated string #765
<u>T</u>ext for translation #766,<u>T</u>ranslated string #766
<u>T</u>ext for translation #767,<u>T</u>ranslated string #767
<u>T</u>ext for translation #768,<u>T</u>ranslated string #768
<u>T</u>ext for translation #769,<u>T</u>ranslated string #769
<u>T</u>ext for translation #770,<u>T</u>ranslated string #770
<u>T</u>ext for translation #771,<u>T</u>ranslated string #771
<u>T</u>ext for translation #772,<u>T</u>ranslated string #772
<u>T</u>ext for translation #773,<u>T</u>ranslated string #773
<u>T</u>ext for translation #774,<u>T</u>ranslated string #774
<u>T</u>ext for translation #775,<u>T</u>ranslated string #775
<u>T</u>ext for translation #776,<u>T</u>ranslated string #776
<u>T</u>ext for translation #777,<u>T</u>ranslated string #777
<u>T</u>ext for translation #778,<u>T</u>ranslated string #778
<u>T</u>ext for translation #779,<u>T</u>ranslated string #779
<u>T</u>ext for translation #780,<u>T</u>ranslated string #780
<u>T</u>ext for translation #781,<u>T</u>ranslated string #781
<u>T</u>ext for translation #782,<u>T</u>ranslated string #782
<u>T</u>ext for translation #783,<u>T</u>ranslated string #783
<u>T</u>ext for translation #784,<u>T</u>ranslated string #784
<u>T</u>ext for translation #785,<u>T</u>ranslated string #785
<u>T</u>ext for translation #786,<u>T</u>ranslated string #786
<u>T</u>ext for translation #787,<u>T</u>ranslated string #787
<u>T</u>ext for translation #788,<u>T</u>ranslated string #788
<u>T</u>ext for translation #789,<u>T</u>ranslated string #789
<u>T</u>ext for translation #790,<u>T</u>ranslated string #790
<u>T</u>ext for translation #791,<u>T</u>ranslated string #791
<u>T</u>ext for translation #792,<u>T</u>ranslated string #792
<u>T</u>ext for translation #793,<u>T</u>ranslated string #793
<u>T</u>ext for translation #794,<u>T</u>ranslated string #794
<u>T</u>ext for translation #795,<u>T</u>ranslated string #795
<u>T</u>ext for translation #796,<u>T</u>ranslated string #796
<u>T</u>ext for translation #797,<u>T</u>ranslated string #797
<u>T</u>ext for translation #798,<u>T</u>ranslated string #798
<u>T</u>ext for translation #799,<u>T</u>ranslated string #799
<u>T</u>ext for translation #800,<u>T</u>ranslated string #800
<u>T</u>ext for translation #801,<u>T</u>ranslated string #801
<u>T</u>ext for translation #802,<u>T</u>ranslated string #802
<u>T</u>ext for translation #803,<u>T</u>ranslated string #803
<u>T</u>ext for translation #804,<u>T</u>ranslated string #804
<u>T</u>ext for translation #805,<u>T</u>ranslated string #805
<u>T</u>ext for translation #806,<u>T</u>ranslated string #806
<u>T</u>ext for translation #807,<u>T</u>ranslated string #807
<u>T</u>ext for translation #808,<u>T</u>ranslated string #808
<u>T</u>ext for translation #809,<u>T</u>ranslated string #809
<u>T</u>ext for translation #810,<u>T</u>ranslated string #810
<u>T</u>ext for translation #811,<u>T</u>ranslated string #811
<u>T</u>ext for translation #812,<u>T</u>ranslated string #812
<u>T</u>ext for translation #813,<u>T</u>ranslated string #813
<u>T</u>ext for translation #814,<u>T</u>ranslated string #814
<u>T</u>ext for translation #815,<u>T</u>ranslated string #815
<u>T</u>ext for translation #816,<u>T</u>ranslated string #816
<u>T</u>ext for translation #817,<u>T</u>ranslated string #817
<u>T</u>ext for translation #818,<u>T</u>ranslated string #818
<u>T</u>ext for translation #819,<u>T</u>ranslated string #819
<u>T</u>ext for translation #820,<u>T</u>ranslated string #820
<u>T</u>ext for translation #821,<u>T</u>ranslated string #821
<u>T</u>ext for translation #822,<u>T</u>ranslated string #822
<u>T</u>ext for translation #823,<u>T</u>ranslated string #823
<u>T</u>ext for translation #824,<u>T</u>ranslated string #824
<u>T</u>ext for translation #825,<u>T</u>ranslated string #825
<u>T</u>ext for translation #826,<u>T</u>ranslated string #826
<u>T</u>ext for translation #827,<u>T</u>ranslated string #827
<u>T</u>ext for translation #828,<u>T</u>ranslated string #828
<u>T</u>ext for translation #829,<u>T</u>ranslated string #829
<u>T</u>ext for translation #830,<u>T</u>ranslated string #830
<u>T</u>ext for translation #831,<u>T</u>ranslated string #831
<u>T</u>ext for translation #832,<u>T</u>ranslated string #832
<u>T</u>ext for translation #833,<u>T</u>ranslated string #833
<u>T</u>ext for translation #834,<u>T</u>ranslated string #834
<u>T</u>ext for translation #835,<u>T</u>ranslated string #835
<u>T</u>ext for translation #836,<u>T</u>ranslated string #836
<u>T</u>ext for translation #837,<u>T</u>ranslated string #837
<u>T</u>ext for translation #838,<u>T</u>ranslated string #838
<u>T</u>ext for translation #839,<u>T</u>ranslated string #839
<u>T</u>ext for translation #840,<u>T</u>ranslated string #840
<u>T</u>ext for translation #841,<u>T</u>ranslated string #841
<u>T</u>ext for translation #842,<u>T</u>ranslated string #842
<u>T</u>ext for translation #843,<u>T</u>ranslated string #843
<u>T</u>ext for translation #844,<u>T</u>ranslated string #844
<u>T</u>ext for translation #845,<u>T</u>ranslated string #845
<u>T</u>ext for translation #846,<u>T</u>ranslated string #846
<u>T</u>ext for translation #847,<u>T</u>ranslated string #847
<u>T</u>ext for translation #848,<u>T</u>ranslated string #848
<u>T</u>ext for translation #849,<u>T</u>ranslated string #849
<u>T</u>ext for translation #850,<u>T</u>ranslated string #850
<u>T</u>ext for translation #851,<u>T</u>ranslated string #851
<u>T</u>ext for translation #852,<u>T</u>ranslated string #852
<u>T</u>ext for translation #853,<u>T</u>ranslated string #853
<u>T</u>ext for translation #854,<u>T</u>ranslated string #854
<u>T</u>ext for translation #855,<u>T</u>ranslated string #855
<u>T</u>ext for translation #856,<u>T</u>ranslated string #856
<u>T</u>ext for translation #857,<u>T</u>ranslated string #857
<u>T</u>ext for translation #858,<u>T</u>ranslated string #858
<u>T</u>ext for translation #859,<u>T</u>ranslated string #859
<u>T</u>ext for translation #860,<u>T</u>ranslated string #860
<u>T</u>ext for translation #861,<u>T</u>ranslated string #861
<u>T</u>ext for translation #862,<u>T</u>ranslated string #862
<u>T</u>ext for translation #863,<u>T</u>ranslated string #863
<u>T</u>ext for translation #864,<u>T</u>ranslated string #864
<u>T</u>ext for translation #865,<u>T</u>ranslated string #865
<u>T</u>ext for translation #866,<u>T</u>ranslated string #866
<u>T</u>ext for translation #867,<u>T</u>ranslated string #867
<u>T</u>ext for translation #868,<u>T</u>ranslated string #868
<u>T</u>ext for translation #869,<u>T</u>ranslated string #869
<u>T</u>ext for translation #870,<u>T</u>ranslated string #870
<u>T</u>ext for translation #871,<u>T</u>ranslated string #871
<u>T</u>ext for translation #872,<u>T</u>ranslated string #872
<u>T</u>ext for translation #873,<u>T</u>ranslated string #873
<u>T</u>ext for translation #874,<u>T</u>ranslated string #874
<u>T</u>ext for translation #875,<u>T</u>ranslated string #875
<u>T</u>ext for translation #876,<u>T</u>ranslated string #876
<u>T</u>ext for translation #877,<u>T</u>ranslated string #877
<u>T</u>ext for translation #878,<u>T</u>ranslated string #878
<u>T</u>ext for translation #879,<u>T</u>ranslated string #879
<u>T</u>ext for translation #880,<u>T</u>ranslated string #880
<u>T</u>ext for translation #881,<u>T</u>ranslated string #881
<u>T</u>ext for translation #882,<u>T</u>ranslated string #882
<u>T</u>ext for translation #883,<u>T</u>ranslated string #883
<u>T</u>ext for translation #884,<u>T</u>ranslated string #884
<u>T</u>ext for translation #885,<u>T</u>ranslated string #885
<u>T</u>ext for translation #886,<u>T</u>ranslated string #886
<u>T</u>ext for translation #887,<u>T</u>ranslated string #887
<u>T</u>ext for translation #888,<u>T</u>ranslated string #888
<u>T</u>ext for translation #889,<u>T</u>ranslated string #889
<u>T</u>ext for translation #890,<u>T</u>ranslated string #890
<u>T</u>ext for translation #891,<u>T</u>ranslated string #891
<u>T</u>ext for translation #892,<u>T</u>ranslated string #892
<u>T</u>ext for translation #893,<u>T</u>ranslated string #893
<u>T</u>ext for translation #894,<u>T</u>ranslated string #894
<u>T</u>ext for translation #895,<u>T</u>ranslated string #895
<u>T</u>ext for translation #896,<u>T</u>ranslated string #896
<u>T</u>ext for translation #897,<u>T</u>ranslated string #897
<u>T</u>ext for translation #898,<u>T</u>ranslated string #898
<u>T</u>ext for translation #899,<u>T</u>ranslated string #899
<u>T</u>ext for translation #900,<u>T</u>ranslated string #900
<u>T</u>ext for translation #901,<u>T</u>ranslated string #901
<u>T</u>ext for translation #902,<u>T</u>ranslated string #902
<u>T</u>ext for translation #903,<u>T</u>ranslated string #903
<u>T</u>ext for translation #904,<u>T</u>ranslated string #904
<u>T</u>ext for translation #905,<u>T</u>ranslated string #905
<u>T</u>ext for translation #906,<u>T</u>ranslated string #906
<u>T</u>ext for translation #907,<u>T</u>ranslated string #907
<u>T</u>ext for translation #908,<u>T</u>ranslated string #908
<u>T</u>ext for translation #909,<u>T</u>ranslated string #909
<u>T</u>ext for translation #910,<u>T</u>ranslated string #910
<u>T</u>ext for translation #911,<u>T</u>ranslated string #911
<u>T</u>ext for translation #912,<u>T</u>ranslated string #912
<u>T</u>ext for translation #913,<u>T</u>ranslated string #913
<u>T</u>ext for translation #914,<u>T</u>ranslated string #914
<u>T</u>ext for translation #915,<u>T</u>ranslated string #915
<u>T</u>ext for translation #916,<u>T</u>ranslated string #916
<u>T</u>ext for translation #917,<u>T</u>ranslated string #917
<u>T</u>ext for translation #918,<u>T</u>ranslated string #918
<u>T</u>ext for translation #919,<u>T</u>ranslated string #919
<u>T</u>ext for translation #920,<u>T</u>ranslated string #920
<u>T</u>ext for translation #921,<u>T</u>ranslated string #921
<u>T</u>ext for translation #922,<u>T</u>ranslated string #922
<u>T</u>ext for translation #923,<u>T</u>ranslated string #923
<u>T</u>ext for translation #924,<u>T</u>ranslated string #924
<u>T</u>ext for translation #925,<u>T</u>ranslated string #925
<u>T</u>ext for translation #926,<u>T</u>ranslated string #926
<u>T</u>ext for translation #927,<u>T</u>ranslated string #927
<u>T</u>ext for translation #928,<u>T</u>ranslated string #928
<u>T</u>ext for translation #929,<u>T</u>ranslated string #929
<u>T</u>ext for translation #930,<u>T</u>ranslated string #930
<u>T</u>ext for translation #931,<u>T</u>ranslated string #931
<u>T</u>ext for translation #932,<u>T</u>ranslated string #932
<u>T</u>ext for translation #933,<u>T</u>ranslated string #933
<u>T</u>ext for translation #934,<u>T</u>ranslated string #934
<u>T</u>ext for translation #935,<u>T</u>ranslated string #935
<u>T</u>ext for translation #936,<u>T</u>ranslated string #936
<u>T</u>ext for translation #937,<u>T</u>ranslated string #937
<u>T</u>ext for translation #938,<u>T</u>ranslated string #938
<u>T</u>ext for translation #939,<u>T</u>ranslated string #939
<u>T</u>ext for translation #940,<u>T</u>ranslated string #940
<u>T</u>ext for translation #941,<u>T</u>ranslated string #941
<u>T</u>ext for translation #942,<u>T</u>ranslated string #942
<u>T</u>ext for translation #943,<u>T</u>ranslated string #943
<u>T</u>ext for translation #944,<u>T</u>ranslated string #944
<u>T</u>ext for translation #945,<u>T</u>ranslated string #945
<u>T</u>ext for translation #946,<u>T</u>ranslated string #946
<u>T</u>ext for translation #947,<u>T</u>ranslated string #947
<u>T</u>ext for translation #948,<u>T</u>ranslated string #948
<u>T</u>ext for translation #949,<u>T</u>ranslated string #949
<u>T</u>ext for translation #950,<u>T</u>ranslated string #950
<u>T</u>ext for translation #951,<u>T</u>ranslated string #951
<u>T</u>ext for translation #952,<u>T</u>ranslated string #952
<u>T</u>ext for translation #953,<u>T</u>ranslated string #953
<u>T</u>ext for translation #954,<u>T</u>ranslated string #954
<u>T</u>ext for translation #955,<u>T</u>ranslated string #955
<u>T</u>ext for translation #956,<u>T</u>ranslated string #956
<u>T</u>ext for translation #957,<u>T</u>ranslated string #957
<u>T</u>ext for translation #958,<u>T</u>ranslated string #958
<u>T</u>ext for translation #959,<u>T</u>ranslated string #959
<u>T</u>ext for translation #960,<u>T</u>ranslated string #960
<u>T</u>ext for translation #961,<u>T</u>ranslated string #961
<u>T</u>ext for translation #962,<u>T</u>ranslated string #962
<u>T</u>ext for translation #963,<u>T</u>ranslated string #963
<u>T</u>ext for translation #964,<u>T</u>ranslated string #964
<u>T</u>ext for translation #965,<u>T</u>ranslated string #965
<u>T</u>ext for translation #966,<u>T</u>ranslated string #966
<u>T</u>ext for translation #967,<u>T</u>ranslated string #967
<u>T</u>ext for translation #968,<u>T</u>ranslated string #968
<u>T</u>ext for translation #969,<u>T</u>ranslated string #969
<u>T</u>ext for translation #970,<u>T</u>ranslated string #970
<u>T</u>ext for translation #971,<u>T</u>ranslated string #971
<u>T</u>ext for translation #972,<u>T</u>ranslated string #972
<u>T</u>ext for translation #973,<u>T</u>ranslated string #973
<u>T</u>ext for translation #974,<u>T</u>ranslated string #974
<u>T</u>ext for translation #975,<u>T</u>ranslated string #975
<u>T</u>ext for translation #976,<u>T</u>ranslated string #976
<u>T</u>ext for translation #977,<u>T</u>ranslated string #977
<u>T</u>ext for translation #978,<u>T</u>ranslated string #978
<u>T</u>ext for translation #979,<u>T</u>ranslated string #979
<u>T</u>ext for translation #980,<u>T</u>ranslated string #980
<u>T</u>ext for translation #981,<u>T</u>ranslated string #981
<u>T</u>ext for translation #982,<u>T</u>ranslated string #982
<u>T</u>ext for translation #983,<u>T</u>ranslated string #983
<u>T</u>ext for translation #984,<u>T</u>ranslated string #984
<u>T</u>ext for translation #985,<u>T</u>ranslated string #985
<u>T</u>ext for translation #986,<u>T</u>ranslated string #986
<u>T</u>ext for translation #987,<u>T</u>ranslated string #987
<u>T</u>ext for translation #988,<u>T</u>ranslated string #988
<u>T</u>ext for translation #989,<u>T</u>ranslated string #989
<u>T</u>ext for translation #990,<u>T</u>ranslated string #990
<u>T</u>ext for translation #991,<u>T</u>ranslated string #991
<u>T</u>ext for translation #992,<u>T</u>ranslated string #992
<u>T</u>ext for translation #993,<u>T</u>ranslated string #993
<u>T</u>ext for translation #994,<u>T</u>ranslated string #994
<u>T</u>ext for translation #995,<u>T</u>ranslated string #995
<u>T</u>ext for translation #996,<u>T</u>ranslated string #996
<u>T</u>ext for translation #997,<u>T</u>ranslated string #997
<u>T</u>ext for translation #998,<u>T</u>ranslated string #998
<u>T</u>ext for translation #999,<u>T</u>ranslated string #999
<u>T</u>ext for translation #1000,<u>T</u>ranslated string #1000
